<?xml version="1.0" encoding="utf-8"?>
<rules xmlns="http://namespaces.plone.org/diazo"
       xmlns:css="http://namespaces.plone.org/diazo/css"
       xmlns:xhtml="http://www.w3.org/1999/xhtml"
       xmlns:xsl="http://www.w3.org/1999/XSL/Transform">

  <!-- The condition makes sure that theme is only applied when served in the 
       plone main_template. This is necessary for functional edit popups in 
       Tiny, for example. -->
  <theme href="/++framework++plone/sunburst/index.html" css:if-content="#visual-portal-wrapper"/>

  <!-- Head rules
       ================================================================== -->
  <!-- Create conditional comment IE detection -->
  <before css:theme="html">
<!--[if lt IE 7]> <html class="no-js ie ie6 ltie8 oldie"> <![endif]-->
<!--[if IE 7]>    <html class="no-js ie ie7 ltie8 oldie"> <![endif]-->
<!--[if IE 8]>    <html class="no-js ie ie8 oldie"> <![endif]-->
<!--[if IE 9]>    <html class="no-js ie ie9"> <![endif]-->
<!--[if gt IE 9]><!-->
  </before>

  <before css:theme-children="html">
<!--<![endif]-->
  </before>

  <!-- Attributes -->
  <copy attributes="lang" css:theme="html" css:content="html"/>

  <!-- Pull in Plone Meta -->
  <before css:theme="title" css:content="meta" />

  <!-- Base tag -->
  <before css:theme-children="head" css:content="base"/>

  <!-- Title -->
  <replace css:theme="title" css:content="title" />

  <!-- Links -->
  <!-- Make sure none of the non standard plone stylesheets get roled in 
       together with the standard ones in portal_css -->
  <before css:theme="head link" css:content="head link"/>

  <!-- Style -->
  <after css:theme="head link" css:content="head style"/>

  <!-- Scripts -->
  <after css:theme="head link" css:content="head script"/>

  <!-- Body rules
       ================================================================== -->
  <!-- Attributes -->
  <copy attributes="*" css:theme="body" css:content="body"/>

  <!-- Change the logo in content and the copy the portal-top children -->
  <replace css:content="#portal-logo > img">
    <img>
      <xsl:attribute name="src">/++framework++plone/sunburst/img/logo.png</xsl:attribute>
      <xsl:attribute name="width">215</xsl:attribute>
      <xsl:attribute name="height">56</xsl:attribute>
      <xsl:attribute name="title">
        <xsl:value-of select="./@title"/>
      </xsl:attribute>
      <xsl:attribute name="alt">
        <xsl:value-of select="./@alt"/>
      </xsl:attribute>
    </img>
  </replace>
  <copy css:theme="#portal-top > .cell" css:content-children="#portal-top"/>

  <!-- Change the layout table tbody into sunburst deco cells and then
       copy them over into the theme portal-columns div. -->
  <rules if-content="//*[@id='portal-column-one'] and //*[@id='portal-column-two']">
    <copy css:theme="#portal-columns">
      <div id="portal-column-content" class="cell width-1:2 position-1:4">
        <xsl:apply-templates css:select="#portal-column-content > *" />
      </div>
      <div id="portal-column-one" class="cell width-1:4 position-0">
        <xsl:apply-templates css:select="#portal-column-one > *" />
      </div>
      <div id="portal-column-two" class="cell width-1:4 position-3:4">
        <xsl:apply-templates css:select="#portal-column-two > *" />
      </div>
    </copy>
  </rules>
  <rules if-content="//*[@id='portal-column-one'] and not(//*[@id='portal-column-two'])">
    <copy css:theme="#portal-columns">
      <div id="portal-column-content" class="cell width-3:4 position-1:4">
        <xsl:apply-templates css:select="#portal-column-content > *" />
      </div>
      <div id="portal-column-one" class="cell width-1:4 position-0">
        <xsl:apply-templates css:select="#portal-column-one > *" />
      </div>
    </copy>
  </rules>
  <rules if-content="not(//*[@id='portal-column-one']) and //*[@id='portal-column-two']">
    <copy css:theme="#portal-columns">
      <div id="portal-column-content" class="cell width-3:4 position-0">
        <xsl:apply-templates css:select="#portal-column-content > *" />
      </div>
      <div id="portal-column-two" class="cell width-1:4 position-3:4">
        <xsl:apply-templates css:select="#portal-column-two > *" />
      </div>
    </copy>
  </rules>
  <rules if-content="not(//*[@id='portal-column-one']) and not(//*[@id='portal-column-two'])">
    <copy css:theme="#portal-columns">
      <div id="portal-column-content" class="cell width-full position-0">
        <xsl:apply-templates css:select="#portal-column-content > *" />
      </div>
    </copy>
  </rules>

  <after css:theme-children="#portal-footer-wrapper > .cell" css:content="#portal-footer"/>
  <after css:theme-children="#portal-footer-wrapper > .cell" css:content="#portal-colophon"/>
  <after css:theme-children="#portal-footer-wrapper > .cell" css:content="#portal-siteactions"/>
  <after css:theme-children="#portal-footer-wrapper > .cell" css:content="#visual-portal-wrapper > script"/>
  <after css:theme-children="#portal-footer-wrapper > .cell" css:content="#spinner"/>

</rules>
