<?xml version="1.0"?>
<metadata>
  <version>1</version>
  <dependencies>
    <dependency>profile-cmaas.base:default</dependency>
    <!--
    ======================================
    Extra possible dependencies from Plone
    ======================================

    <dependency>profile-plone.app.caching:default</dependency>
    <dependency>profile-plone.app.dexterity:default</dependency>
    <dependency>profile-plone.app.iterate:default</dependency>
    <dependency>profile-plone.app.openid:default</dependency>
    <dependency>profile-plone.app.theming:default</dependency>
    <dependency>profile-plone.session:default</dependency>
    <dependency>profile-plone.resource:default</dependency>
    <dependency>profile-Products.CMFPlacefulWorkflow:default</dependency>


    ======================================
    Extra possible dependencies from CMaaS
    ======================================

    <dependency>profile-collective.portlet.tal:default</dependency>
    <dependency>profile-collective.sharerizer:default</dependency>
    <dependency>profile-plone.app.multilingual:default</dependency>
    <dependency>profile-Products.ContentWellPortlets:default</dependency>
    <dependency>profile-Products.PloneFormGen:default</dependency>
    <dependency>profile-Products.RedirectionTool:default</dependency>
    <dependency>profile-Products.Scrawl:default</dependency>
    -->
  </dependencies>
</metadata>