<?xml version="1.0" encoding="UTF-8"?>
<rules xmlns="http://namespaces.plone.org/diazo"
         xmlns:css="http://namespaces.plone.org/diazo/css"
         xmlns:xsl="http://www.w3.org/1999/XSL/Transform"
         xmlns:xi="http://www.w3.org/2001/XInclude">

  <!-- Create conditional comment IE detection -->
  <before css:theme="html">
<!--[if lt IE 7]> <html class="no-js ie ie6 ltie8 oldie"> <![endif]-->
<!--[if IE 7]>    <html class="no-js ie ie7 ltie8 oldie"> <![endif]-->
<!--[if IE 8]>    <html class="no-js ie ie8 oldie"> <![endif]-->
<!--[if IE 9]>    <html class="no-js ie ie9"> <![endif]-->
<!--[if gt IE 9]><!-->
  </before>

  <before css:theme-children="html">
<!--<![endif]-->
  </before>

</rules>
