<?xml version="1.0" encoding="UTF-8"?>
<rules xmlns="http://namespaces.plone.org/diazo"
         xmlns:css="http://namespaces.plone.org/diazo/css"
         xmlns:xsl="http://www.w3.org/1999/XSL/Transform"
         xmlns:xi="http://www.w3.org/2001/XInclude">

  <replace css:content="#portal-footer">
      <div id="portal-footer">
        <small><xsl:apply-templates select="./p/*|./p/text()"/></small>
      </div>
  </replace>

  <replace css:content="#portal-breadcrumbs">
      <div id="portal-breadcrumbs">
        <small><xsl:apply-templates select="./span/*"/></small>
      </div>
  </replace>

</rules>