<?xml version="1.0" encoding="UTF-8"?>
<rules xmlns="http://namespaces.plone.org/diazo"
         xmlns:css="http://namespaces.plone.org/diazo/css"
         xmlns:xsl="http://www.w3.org/1999/XSL/Transform"
         xmlns:xi="http://www.w3.org/2001/XInclude">

  <!-- Columns -->
  <replace content="//div[contains(@class, 'cell ')]">
      <div>
          <xsl:choose>
              <xsl:when test="contains(concat(' ', normalize-space(@class), ' '), ' width-1:2 ')">
                  <xsl:attribute name="class">pure-u-1-2</xsl:attribute>
              </xsl:when>
              <xsl:when test="contains(concat(' ', normalize-space(@class), ' '), ' width-1:3 ')">
                  <xsl:attribute name="class">pure-u-1-3</xsl:attribute>
              </xsl:when>
              <xsl:when test="contains(concat(' ', normalize-space(@class), ' '), ' width-2:3 ')">
                  <xsl:attribute name="class">pure-u-2-3</xsl:attribute>
              </xsl:when>
              <xsl:when test="contains(concat(' ', normalize-space(@class), ' '), ' width-1:4 ')">
                  <xsl:attribute name="class">pure-u-1-4</xsl:attribute>
              </xsl:when>
              <xsl:when test="contains(concat(' ', normalize-space(@class), ' '), ' width-2:4 ')">
                  <xsl:attribute name="class">pure-u-2-4</xsl:attribute>
              </xsl:when>
              <xsl:when test="contains(concat(' ', normalize-space(@class), ' '), ' width-3:4 ')">
                  <xsl:attribute name="class">pure-u-3-4</xsl:attribute>
              </xsl:when>
              <xsl:when test="contains(concat(' ', normalize-space(@class), ' '), ' width-1:5 ')">
                  <xsl:attribute name="class">pure-u-1-5</xsl:attribute>
              </xsl:when>
              <xsl:when test="contains(concat(' ', normalize-space(@class), ' '), ' width-2:5 ')">
                  <xsl:attribute name="class">pure-u-2-5</xsl:attribute>
              </xsl:when>
              <xsl:when test="contains(concat(' ', normalize-space(@class), ' '), ' width-3:5 ')">
                  <xsl:attribute name="class">pure-u-3-5</xsl:attribute>
              </xsl:when>
              <xsl:when test="contains(concat(' ', normalize-space(@class), ' '), ' width-4:5 ')">
                  <xsl:attribute name="class">pure-u-4-5</xsl:attribute>
              </xsl:when>
              <xsl:when test="contains(concat(' ', normalize-space(@class), ' '), ' width-1:6 ')">
                  <xsl:attribute name="class">pure-u-1-6</xsl:attribute>
              </xsl:when>
              <xsl:when test="contains(concat(' ', normalize-space(@class), ' '), ' width-2:6 ')">
                  <xsl:attribute name="class">pure-u-2-6</xsl:attribute>
              </xsl:when>
              <xsl:when test="contains(concat(' ', normalize-space(@class), ' '), ' width-3:6 ')">
                  <xsl:attribute name="class">pure-u-3-6</xsl:attribute>
              </xsl:when>
              <xsl:when test="contains(concat(' ', normalize-space(@class), ' '), ' width-4:6 ')">
                  <xsl:attribute name="class">pure-u-4-6</xsl:attribute>
              </xsl:when>
              <xsl:when test="contains(concat(' ', normalize-space(@class), ' '), ' width-5:6 ')">
                  <xsl:attribute name="class">pure-u-4-6</xsl:attribute>
              </xsl:when>
              <xsl:otherwise>
                  <xsl:attribute name="class">pure-u-1</xsl:attribute>
              </xsl:otherwise>
          </xsl:choose>
          <xsl:apply-templates select="./*"/>
      </div>
  </replace>


</rules>
