<?xml version="1.0" encoding="utf-8"?>
<rules xmlns="http://namespaces.plone.org/diazo"
       xmlns:css="http://namespaces.plone.org/diazo/css"
       xmlns:xhtml="http://www.w3.org/1999/xhtml"
       xmlns:xsl="http://www.w3.org/1999/XSL/Transform"
       xmlns:xi="http://www.w3.org/2001/XInclude">

  <xsl:variable name="theme" select="/html/body/div[@id='visual-portal-wrapper']"/>
  <xsl:variable name="notheme" select="not($theme)"/>

  <notheme if="$notheme" />
  <theme href="/++theme++{{{ package.name }}}/index.html" />

  <!-- Create conditional comment IE detection -->
  <before css:theme="html">
    <!--[if lt IE 7]> <html class="no-js ie ie6 ltie8 oldie"> <![endif]-->
    <!--[if IE 7]>    <html class="no-js ie ie7 ltie8 oldie"> <![endif]-->
    <!--[if IE 8]>    <html class="no-js ie ie8 oldie"> <![endif]-->
    <!--[if IE 9]>    <html class="no-js ie ie9"> <![endif]-->
    <!--[if gt IE 9]><!-->
  </before>

  <before css:theme-children="html">
    <!--<![endif]-->
  </before>

</rules>
