<?xml version="1.0" encoding="UTF-8"?>
<rules xmlns="http://namespaces.plone.org/diazo"
         xmlns:css="http://namespaces.plone.org/diazo/css"
         xmlns:xsl="http://www.w3.org/1999/XSL/Transform"
         xmlns:xi="http://www.w3.org/2001/XInclude">

    <rules if-content="//*[@id='edit-bar']">
        <append theme="/html/head">
            <link rel="stylesheet" type="text/css"
                href="++resource++plone.app.toolbar_init.css"/>
            <script type="text/javascript"
                src="++resource++plone.app.toolbar_init.js"></script>
        </append>
        <append theme="/html/body" method="raw"
                content="//div[@data-iframe='plone-toolbar']" />
    </rules>
    <rules if-content="not(//*[@id='edit-bar'])">
        <drop content="//div[@data-iframe='plone-toolbar']"/>
        <drop content="/html/head/link[contains(@href, 'plone.app.toolbar')]"/>
        <drop content="/html/head/script[contains(@src, 'plone.app.toolbar')]"/>
    </rules>

  
</rules>