<?xml version="1.0" encoding="utf-8"?>
<rules xmlns="http://namespaces.plone.org/diazo"
       xmlns:css="http://namespaces.plone.org/diazo/css"
       xmlns:xhtml="http://www.w3.org/1999/xhtml"
       xmlns:xsl="http://www.w3.org/1999/XSL/Transform"    
       xmlns:xi="http://www.w3.org/2001/XInclude">

  <notheme if-content="not(/html/body/div[@id='visual-portal-wrapper'])"/>     
  <theme href="/++framework++plone/index.html"/>

  <!-- Head rules
       ================================================================== -->
  <xi:include href="/++framework++plone/rules/head/base.xml"/>
  <xi:include href="/++framework++plone/rules/head/icons.xml"/>
  <xi:include href="/++framework++purecss/rules/head/responsive.xml"/>
  <xi:include href="/++framework++plone/rules/head/js.xml"/>

  <!-- Body rules
       ================================================================== -->
  <xi:include href="/++framework++purecss/rules/body/responsive.xml"/>
  <xi:include href="/++framework++purecss/rules/body/columns.xml"/>
  <xi:include href="/++framework++purecss/rules/body/forms.xml"/>
  <xi:include href="/++framework++purecss/rules/body/search-filter.xml"/>
  <xi:include href="/++framework++purecss/rules/body/menu.xml"/>

  <xi:include href="/++framework++purecss/rules/body/edit.xml"/>
  <xi:include href="/++framework++plone/rules/utility/toolbar.xml"/>
  <xi:include href="/++framework++purecss/rules/body/base.xml"/>

  <!-- Place the content 
       .................................................................. -->
  <xi:include href="/++framework++plone/rules/content.xml"/>

</rules>